model,sample,coef,se,p,n_obs,n_clusters,r2
unemp_U4_countryFE_clustered,full 2020–2022,0.0132586287373236,0.0051451312209711,0.0099682934374765,506,169,0.9882755706255466
unemp_U6_countryFE_clustered_drop2020,drop 2020,0.011678862341561,0.0063330532845157,0.0651667554188602,337,169,0.9951380189482316
unemp_U5_countryFE_vaxfilled_clustered,full 2020–2022,0.0150661673877605,0.0054756949208261,0.0059329873403336,506,169,0.988742434568953
unemp_U7_countryFE_vaxfilled_clustered_drop2020,drop 2020,0.0108257506151357,0.0067247739312463,0.1074347207961194,337,169,0.995216417410138
gdp_G3_countryFE_clustered,full 2020–2022,-0.0756463136120223,0.0395449182891389,0.0557581376703404,531,177,0.5958531118505221
gdp_G5_countryFE_clustered_drop2020,drop 2020,-0.0105481705956689,0.0451662280929976,0.8153412584831943,354,177,0.6402494574353264
gdp_G4_winsorised_countryFE_clustered,full 2020–2022,-0.0661853026486598,0.0362007194435572,0.0675064985397733,531,177,0.5945283033999778
gdp_G6_winsorised_countryFE_clustered_drop2020,drop 2020,-0.0076761678250498,0.0444978099875857,0.8630392392342653,354,177,0.6439671538781738
